{"cameraMode":{"drawMode":0,"name":"Shaded","section":"Shading Mode"},"sceneLighting":true,"audioPlay":false,"sceneViewState":{"m_AlwaysRefresh":false,"showFog":true,"showSkybox":true,"showFlares":true,"showImageEffects":true,"showParticleSystems":true,"showVisualEffectGraphs":true,"m_FxEnabled":true},"in2DMode":false,"pivot":{"x":0.006008677184581757,"y":-0.4223797023296356,"z":2.9681191444396974},"rotation":{"x":0.050543755292892459,"y":0.9494339227676392,"z":-0.22361521422863007,"w":0.2146066129207611},"size":8.910209655761719,"orthographic":false}