{"cameraMode":{"drawMode":0,"name":"Shaded","section":"Shading Mode"},"sceneLighting":false,"audioPlay":false,"sceneViewState":{"m_AlwaysRefresh":false,"showFog":true,"showSkybox":false,"showFlares":true,"showImageEffects":true,"showParticleSystems":true,"showVisualEffectGraphs":true,"m_FxEnabled":true},"in2DMode":false,"pivot":{"x":-0.5254090428352356,"y":0.5840349197387695,"z":40.586341857910159},"rotation":{"x":0.19438989460468293,"y":0.15958237648010255,"z":-0.03205690160393715,"w":0.9673442840576172},"size":4.390209674835205,"orthographic":false}